0,235695-MIA1316_304020171231225109-Page(3).txt,COSTEX TRACTOR PARTS
1,235699-AWBLayout_305620180102155940-Page(3).txt,KAMAX GMBH & CO. KG
2,235702-TaeDocumentoHAWB_Copias_Marmedsa_255320180102215434-Page(1).txt,Nº de CTA. DEL EXPEDIDOR
3,235705-201801031247126.txt,EVOQUA WATER TECHOLOGIES PTE LTD.
4,235706-7058438_226220180103143652-Page(1).txt,SC GEMAJE HAIR SRL
5,235708-HO0000628698_305620180103174614-Page(1).txt,MIBA STEELTEC S.R.O.                          DISTRIBUTION SR S.R.O.
6,235711-MIA1347_304120180104042903-Page(3).txt,COSTEX TRACTOR PARTS
7,235729-ATL1017_304120180104212109-Page(3).txt,SHAW INDUSTRIES
8,235730-DEL BorgWarner_249820180104190209-Page(1).txt,BORGWARNER COOLING SYSTEMS GMBH
9,235731-DEL Schattdecor_124820180104190209-Page(1).txt,SCHATTDECOR AG
10,235732-HAWB_333920180105102710-Page(1).txt,Nº DE CTA. DEL EXPEDIDOR
11,235733-BOM Reifen_327920180105124124-Page(1).txt,REIFENHAEUSER BLOWN FILM GMBH
12,235734-BOM ZF_351020180105124125-Page(1).txt,ZF FRIEDRICHSHAFENAG
13,235735-BOM Siemens_305620180105124125-Page(1).txt,SIEMENS AG
14,235738-AWBLayout_390420180105131032-Page(2).txt,KLX INC. COMPANY
15,235741-Email Copy - 098-77505201_327920180105184113-Page(3).txt,THOMAS WARE & SONS
16,235742-Email Copy - 098-77505201_327920180105184113-Page(4).txt,Monsoon Accessorize Ltd
17,235756-MIA1386_304120180107010812-Page(3).txt,COSTEX TRACTOR PARTS
18,235757-ORD3209_304120180107004015-Page(3).txt,LORD CORPORATION
19,235758-MIA1374_304120180106202659-Page(3).txt,COSTEX TRACTOR PARTS
20,235768-AWBLayout_304120180108151309-Page(2).txt,STABILUS GMBH
21,235774-Email Copy - 125-47859501_130120180108175626-Page(3).txt,Marks & Spencer PLC
22,235778-7141450_371820180108192226-Page(1).txt,s Account Number
23,235809-AWBLayout_409320180109165334-Page(1).txt,PRO MED INSTRUMENTS GMBH
24,235811-JFK5923_327920180109175132-Page(3).txt,HYTORC DIVISION UNEX CORP
25,235812-JFK5923_327920180109175132-Page(4).txt,VANTAGE SPECIALTY INGREDIENTS
26,235821-ORD3188_304120180110094109-Page(3).txt,AVC GROUP C/ CONCORDIA INTL
27,235826-MIA1401_304120180110002819-Page(3).txt,COSTEX TRACTOR PARTS
28,235827-LAX6745_304120180109235526-Page(3).txt,KENTMASTER MANUFACTURING INC.
29,235828-Email Copy - 098-77505131_130120180109232220-Page(3).txt,È[UXBHBLLHRBOMLHRÃ¯¯EsÄ]#Ê
30,235837-AWBLayout_229920180110130209-Page(2).txt,BORGWARNER COOLING SYSTEMS GMBH
31,235846-Email Copy - 125-43959182_333920180110180322-Page(4).txt,ION SCIENCE LTD
32,235847-JFK6007_304120180111002608-Page(3).txt,LENETA COMPANY
33,235848-HAWB 3462466 Consignee_249820180111012109-Page(1).txt,COSTEX TRACTOR PARTS
34,235851-Email Copy - 125-44469283_130120180110201631-Page(3).txt,"È[UXBHBLLHRMAALHRÃ¯¯EiÄ]""Ê"
35,235852-JFK5959_229920180111002612-Page(3).txt,"ATLAS REFINERY, INC."
36,235853-Email Copy - 125-44469283_130120180110201631-Page(4).txt,BARRETT STEEL ENERGY PRODUCTS
37,235854-Email Copy - 125-44469283_130120180110201631-Page(5).txt,SSS SUPER ALLOYS LTD
38,235868-04822013  hwb._327920180111181219-Page(1).txt,Nº DE CTA. DEL EXPEDIDOR
39,235870-AWBLayout_305620180111185214-Page(2).txt,ELKAMET KUNSTSTOFFTECHNIK GMBH
40,235873-Email Copy - 125-44469375_371820180111223936-Page(3).txt,È[UXBHBLLHRBLRLHRÃ¯¯FVÄ]]Ê
41,235874-Email Copy - 125-44469375_371820180111223936-Page(4).txt,Jessgrove Ltd
42,235876-MIA1427_304120180112022610-Page(3).txt,COSTEX TRACTOR PARTS
43,235880-AWBLayout_304120180112104018-Page(2).txt,FRANKE-FILTER GMBH
44,235881-AWBLayout_124820180112124445-Page(1).txt,ALFRED KAERCHER GMBH & CO. KG
45,235884-ACTUAL - C00078185 (3)_334020180112123705-Page(1).txt,MISC
46,235885-DEL Kamax_334020180112140058-Page(1).txt,KAMAX GMBH & CO. KG
47,235886-DEL Stoll_60420180112140058-Page(1).txt,H. STOLL AG & CO. KG
48,235887-DEL Voss_327920180112140058-Page(1).txt,VOSS AUTOMOTIVE GMBH
49,235890-BOM Puri_249820180112134231-Page(1).txt,PURITECH GMBH
50,235891-BOM hydac_124820180112134231-Page(1).txt,HYDAC TECHNOLOGY GMBH
51,235892-BOM Stabilus_130120180112134231-Page(1).txt,STABILUS GMBH
52,235893-BOM ZF_334020180112134232-Page(1).txt,ZF FRIEDRICHSHAFENAG
53,235910-Email Copy - 125-47859512_242420180112165920-Page(3).txt,Marks & Spencer PLC
54,235917-Email Copy - 098-77505212_130120180112183035-Page(3).txt,Monsoon Accessorize Ltd
55,235919-Email Copy - 176-87316250_202020180112182022-Page(3).txt,"AMETEK ADVANCED MEASUREMENT TECHNOLOGY,"
56,235941-AWBLayout_130120180112214636-Page(2).txt,STABILUS GMBH
57,235943-Email Copy - 125-44469390_130120180112194253-Page(3).txt,E-Leather
58,235948-MIA1438_304120180113034419-Page(3).txt,COSTEX TRACTOR PARTS
59,235949-Email Copy - 125-47859582_351120180113001043-Page(3).txt,INVERTEK DRIVES LTD
60,235950-Email Copy - 125-47859582_351120180113001043-Page(4).txt,MISC
61,235951-Email Copy - 125-47859582_351120180113001043-Page(5).txt,INVERTEK DRIVES LTD
62,235952-Email Copy - 125-47859582_351120180113001043-Page(6).txt,È[UXBHBLLHRDELLHRÃ¯¯FhÄ]}Ê
63,235953-Email Copy - 125-47859582_351120180113001043-Page(7).txt,MERIDIAN AUDIO LIMITED
64,235954-Email Copy - 125-47859582_351120180113001043-Page(8).txt,ONLINE LUBRICANTS
65,235955-Email Copy - 125-47859582_351120180113001043-Page(9).txt,"INVERTEK DRIVES LIMITED,"
66,235958-ATL1105_304120180114012111-Page(4).txt,RAGE MOTORSPORTS
67,235959-ATL1104_304120180114011105-Page(4).txt,GUILFORD PERFORMANCE TEXTILES
68,235960-JFK6124_304120180114000018-Page(3).txt,"TOTAL SPECIALTIES USA, INC"
69,235961-JFK6079_229920180114000022-Page(3).txt,DAIGE INC
70,235962-JFK6079_229920180114000022-Page(4).txt,"BENCHMARK SCIENTIFIC, INC."
71,235963-JFK6079_229920180114000022-Page(5).txt,HYTORC DIVISION UNEX CORP
72,235964-JFK6079_229920180114000022-Page(6).txt,TRI K INDUSTRIES INC
73,235965-JFK6078_304120180113235635-Page(3).txt,GERARD KLUYSKENS
74,235966-JFK5983_229920180113235708-Page(4).txt,NUTRACEUTICALS INTERNATIONAL
75,235967-JFK5983_229920180113235708-Page(5).txt,PENN MANUFACTURING IND. INC.
76,235968-JFK5983_229920180113235708-Page(6).txt,LITE TECH INC
77,235969-JFK5983_229920180113235708-Page(7).txt,R.A. RODRIGUEZ INC
78,235970-JFK6014_304120180113235355-Page(3).txt,"MYAT, INC."
79,235971-Email Copy - 098-77505142_327920180113161157-Page(3).txt,CULTECH LIMITED
80,235972-Email Copy - 098-77505142_327920180113161157-Page(4).txt,Crane Process Flow Technologies Ltd
81,235986-WWP880027_268420180115161706-Page(1).txt,Chen Chong
82,235987-WWP880028_279320180115161706-Page(1).txt,"YUEQING WINSTON ELECTRIC CO.,LTD"
83,235990-Manifest - CAE00009363_304220180115215207-Page(3).txt,Allen Diesels Ltd
84,236013-AWBLayout (62)_130120180116161204-Page(2).txt,ZF FRIEDRICHSHAFENAG
85,236022-HAWB_249820180116171212-Page(1).txt,AIUT SP. Z O.O.
86,236032-HO0000632672_124820180117103115-Page(1).txt,MIBA STEELTEC S.R.O.                          DISTRIBUTION SR S.R.O.
87,236038-AWBLayout_304220180117152206-Page(2).txt,JAB TEPPICHE HEINZ ANSTOETZ KG
88,236051-JFK6215_230020180117230619-Page(4).txt,PENN MANUFACTURING IND. INC.
89,236052-JFK6215_230020180117230619-Page(5).txt,GTI GRAPHICS
90,236053-JFK6233_304220180117230613-Page(3).txt,"GIBBS WIRE & STEEL CO., INC."
91,236054-JFK6165_304220180117225618-Page(4).txt,WICKETT & CRAIG OF AMERICA
92,236072-WWP880073_414720180118152646-Page(1).txt,GAUDER GROUP CHINA
93,236080-DFW4328_304220180119040112-Page(3).txt,CHARLES MACHINE WORKS
94,236081-IAH5490_304220180119033615-Page(3).txt,GROTH CORPORATION
95,236089-AWBLayout_230020180119113914-Page(2).txt,SOLVAY FLUOR GMBH
96,236090-ORD3337_304220180118224106-Page(4).txt,GILSON INC.
97,236091-ORD3337_304220180118224106-Page(5).txt,ERICO
98,236094-MIA1485_304220180118205211-Page(3).txt,COSTEX TRACTOR PARTS
99,236095-DEL Stoll_249820180118204610-Page(1).txt,H. STOLL AG & CO. KG
100,236096-DEL DLaPorte_124820180118204610-Page(1).txt,D.LA PORTE SOEHNE GMBH
101,236097-DEL Hengst_130120180118204610-Page(1).txt,HENGST SE & CO.KG
102,236098-DEL Stabilus_334020180118204610-Page(1).txt,STABILUS GMBH
103,236099-BOM Witzenmann_60420180118201627-Page(1).txt,WITZENMANN GMBH
104,236100-BOM ZF 3_328020180118201628-Page(1).txt,ZF FRIEDRICHSHAFENAG
105,236101-BOM ZF_351120180118201628-Page(1).txt,ZF FRIEDRICHSHAFENAG
106,236102-BOM Hydac_305720180118201628-Page(1).txt,H Y D A C TECHNOLOGIE GMBH
107,236103-BOM Kampf_195520180118201628-Page(1).txt,KAMPF SCHNEID- UND WICKELTECHNIK GMBH &
108,236104-BOM PTW_178520180118201628-Page(1).txt,PTW GMBH
109,236116-hawb_351220180119113931-Page(1).txt,BRAVA SP Z O.O.
110,236121-AWBLayout_130120180119160914-Page(2).txt,SOLVAY FLUX GMBH
111,236128-114231293_HO0000634160_328020180119174220-Page(1).txt,"KONGSBERG AUTOMOTIVE, S.R.O.                  DISTRIBUTION SR S.R.O."
112,236130-Email Copy - 125-47859534_202120180119165920-Page(3).txt,Marks & Spencer PLC
113,236131-Email Copy - 125-47859534_202120180119165920-Page(4).txt,Marks & Spencer PLC
114,236142-ORD3384_304220180120051607-Page(3).txt,LORD / THERMOSET PLASTICS
115,236143-IAH5505_304220180120040111-Page(3).txt,GROTH CORPORATION
116,236165-JFK6265_304220180121013010-Page(3).txt,NATUREX INC.
117,236166-JFK6265_304220180121013010-Page(4).txt,BIO/DATA CORPORATION
118,236167-JFK6265_304220180121013010-Page(5).txt,RUIA SINGAPORE IN C/O CIFC
119,236168-JFK6265_304220180121013010-Page(6).txt,HANNAY REELS
120,236169-SFO6405_249820180121012214-Page(4).txt,FESINTL CORP
121,236170-JFK6282_304220180121012210-Page(4).txt,NATUREX INC.
122,236171-JFK6282_304220180121012210-Page(5).txt,CONSTRUCTION SPECIALTIES
123,236172-MIA1516_230020180121012212-Page(3).txt,COSTEX TRACTOR PARTS
124,236173-ORD3402_304220180120213604-Page(3).txt,LORD / THERMOSET PLASTICS
125,236174-ORD3402_304220180120213604-Page(4).txt,LORD CORPORATION
126,236175-Email Copy - 125-47859593_130220180120173713-Page(3).txt,"INVERTEK DRIVES LIMITED,"
127,236176-Email Copy - 125-47859593_130220180120173713-Page(4).txt,INVERTEK DRIVES LTD
128,236177-Email Copy - 125-47859593_130220180120173713-Page(5).txt,INVERTEK DRIVES LTD
129,236178-Email Copy - 125-47859593_130220180120173713-Page(6).txt,Heights (UK) Limited
130,236179-Email Copy - 098-77505164_130220180120163609-Page(3).txt,È[UXBHBLLHRBOMLHRÃ¯¯HXÄ]+Ê
131,236180-Email Copy - 098-77505164_130220180120163609-Page(4).txt,Thames Side Sensor
132,236181-Email Copy - 098-77505164_130220180120163609-Page(5).txt,Crane Process Flow Technologies Ltd
133,236182-JFK6282_304220180121012210-Page(6).txt,HANNAY REELS
134,236183-JFK6282_304220180121012210-Page(7).txt,"TOTAL SPECIALTIES USA, INC"
135,236184-JFK6282_304220180121012210-Page(8).txt,HYTORC DIVISION UNEX CORP
136,236185-JFK6282_304220180121012210-Page(9).txt,HYTORC DIVISION UNEX CORP
137,236186-JFK6264_230020180121013013-Page(4).txt,PENN MANUFACTURING IND. INC.
138,236191-AWBLayout (6)_226320180122153217-Page(2).txt,SONDERHOFF CHEMICALS GMBH
139,236192-Email Copy - 125-47859545_130220180122173717-Page(3).txt,Marks & Spencer PLC
140,236201-Email Copy - 125-47859442_130220180122222612-Page(3).txt,Monsoon Accessorize Ltd
141,236207-AWBLayout_249920180123120130-Page(3).txt,KAMAX GMBH & CO. KG
142,236232-LAX6967_304220180124021109-Page(3).txt,RIPE VAPES
143,236239-HAWB_409420180124120147-Page(1).txt,Nº DE CTA. DEL EXPEDIDOR
144,236251-AWBLayout_230020180124171704-Page(2).txt,SOLVAY FLUX GMBH
145,236263-ORD3455_304220180125034609-Page(4).txt,ACME MILLS
146,236265-JFK6394_304220180125012605-Page(3).txt,DYNISCO INC
147,236266-JFK6394_304220180125012605-Page(4).txt,SPECTRONICS CORP
148,236268-hawb_305720180125102637-Page(1).txt,Nº DE CTA. DEL EXPEDIDOR
149,236269-hawb_124820180125102213-Page(1).txt,Nº DE CTA. DEL EXPEDIDOR
150,236281-BOM Crane_249920180125215615-Page(1).txt,CRANE PROCESS FLOW TECHNOLOGIES GMBH
151,236282-BOM ZF_124820180125215615-Page(1).txt,ZF FRIEDRICHSHAFENAG
152,236283-BOM UV Technik_130220180125215615-Page(1).txt,UV-TECHNIK MEYER GMBH
